Steps,Policy/Entropy,Policy/Learning Rate,Policy/Extrinsic Value Estimate,Policy/Extrinsic Reward,Environment/Cumulative Reward,Environment/Episode Length
1000,1.7917157,0.00019999995,0.6768847,2.182470296820005,2.1824701577849432,146.16666666666666
2000,1.7917259,0.00019999995,0.62116766,1.587016735225916,1.587016660550944,127.125
3000,1.7917229,0.00019999995,0.61408156,2.2822001377741494,2.28220019834445,165.33333333333334
4000,1.7917296,0.00019999995,0.5465248,1.2427224963903427,1.2427225040347214,152.0
5000,1.7917165,0.00019999995,0.7281704,5.430643290281296,5.430643303730903,186.0
6000,1.7917327,0.00019999995,0.6121509,6.596100635826588,6.596100511026236,296.25
7000,1.7917203,0.00019999995,0.78463775,2.4783288426697254,2.4783288769637863,141.125
8000,1.7917215,0.00019999995,0.6732905,8.765740106503168,8.765740104090582,314.0
9000,1.7917207,0.00019999995,0.69778526,5.394706137478352,5.394706162857256,204.2
10000,1.7917286,0.00019999995,0.6558617,4.838304883241653,4.838304809564943,185.2
11000,1.7910247,0.00019999992,0.8488555,3.5031798481941223,3.503179946086751,162.83333333333334
12000,1.7908257,0.0001999999,0.77364475,3.7744529128074644,3.7744528160367734,183.4
13000,1.79086,0.0001999999,0.65896344,2.9258410573005675,2.925840957296714,128.4
14000,1.7909844,0.0001999999,0.52358484,4.179047178477049,4.17904718711188,347.75
15000,1.7909437,0.0001999999,0.69737965,3.862319193780422,3.8623191890069393,236.75
16000,1.7908117,0.0001999999,0.7778134,3.074918876091639,3.0749188846201227,155.0
17000,1.7907835,0.0001999999,0.69713426,2.3438745935757956,2.3438746988163075,139.0
18000,1.7907218,0.0001999999,0.8376156,2.1942865451176963,2.1942865030065253,124.66666666666667
19000,1.7908223,0.0001999999,0.74948967,7.002055684725444,7.002055580781719,199.0
20000,1.7909341,0.0001999999,0.60365117,6.8307124599814415,6.830712324890858,469.3333333333333
21000,1.7896965,0.0001999999,0.86250347,3.104736606280009,3.104736596848246,146.33333333333334
22000,1.7836192,0.0001999999,0.84115535,4.09519082903862,4.095190800310775,216.2
23000,1.785803,0.0001999999,0.7907412,4.503650987148285,4.5036509419423965,194.0
24000,1.7829899,0.0001999999,0.97872055,3.109487920999527,3.109487863621723,129.625
25000,1.7855171,0.0001999999,0.5047929,1.3243876014436995,1.324387602816127,150.57142857142858
26000,1.7836969,0.0001999999,0.8729372,3.2175324112176895,3.2175325044245255,155.83333333333334
27000,1.7859578,0.0001999999,0.81382644,3.212760090827942,3.2127600249746138,178.6
28000,1.7839314,0.0001999999,0.9118155,3.93698584040006,3.936985744525373,167.5
29000,1.7858789,0.00019999988,0.67311627,3.3192232608795167,3.3192232384782985,212.4
30000,1.7871445,0.00019999986,0.6859021,6.132018635670344,6.132018722952125,328.3333333333333
31000,1.7865806,0.00019999986,0.5261607,0.8564108184405735,0.8564108287501507,141.14285714285714
32000,1.7897024,0.00019999986,1.0556092,2.935665028435843,2.9356649339347314,128.14285714285714
33000,1.7900617,0.00019999986,1.1200796,3.894921204873494,3.8949213119578547,146.14285714285714
34000,1.7905576,0.00019999986,0.76329327,1.4548241396745045,1.4548241143473508,121.0
35000,1.7901338,0.00019999986,1.0648932,8.199151933193207,8.199151904320994,305.3333333333333
36000,1.79043,0.00019999986,0.9060407,2.8688330484761133,2.8688330986611215,151.22222222222223
37000,1.7895229,0.00019999986,0.8866435,2.7136808335781097,2.7136807347650347,195.0
38000,1.7899905,0.00019999986,1.1550289,5.103147038391659,5.103147123488692,161.71428571428572
39000,1.790504,0.00019999986,0.9368909,2.5177532707651458,2.5177532915466307,162.16666666666666
40000,1.7898641,0.00019999986,0.9538039,4.3015465259552,4.301546518149735,166.8
41000,1.7897172,0.00019999986,1.10586,3.200192848841349,3.2001927079298866,128.77777777777777
42000,1.785592,0.00019999986,1.0597532,3.808699870109558,3.8086999128020578,169.2
43000,1.7854378,0.00019999986,1.0507709,2.380529431005319,2.38052941000928,128.11111111111111
44000,1.783972,0.00019999983,1.0919204,6.362695470452309,6.362695536508909,229.0
45000,1.7860403,0.00019999983,0.93950844,3.865307755768299,3.8653076860355897,199.2
46000,1.7829956,0.00019999983,1.1252574,4.511220256487529,4.511220174871899,192.0
47000,1.7847303,0.00019999983,0.924947,9.72456058114767,9.724560524972883,361.0
48000,1.783964,0.00019999983,1.3011715,3.444371312856674,3.4443713646518517,180.6
49000,1.7847419,0.00019999983,0.9455921,2.0253395959734917,2.0253395631293643,132.125
50000,1.786047,0.00019999983,0.80919343,2.424238219857216,2.4242381821529,151.16666666666666
51000,1.7835438,0.00019999983,1.1261057,2.438533715903759,2.4385336999064293,127.875
52000,1.7805333,0.00019999983,1.1051477,4.6224324941635135,4.622432338115141,180.4
53000,1.7793976,0.00019999975,1.0269086,2.433920721922602,2.4339207338286672,149.14285714285714
54000,1.7774258,0.00019999975,1.188292,2.507847636938095,2.507847607212365,135.28571428571428
55000,1.7759914,0.00019999975,1.1623352,3.462424325942993,3.4624243690212095,150.4
56000,1.7790343,0.00019999972,0.9481696,6.697025626897812,6.69702545716973,242.0
57000,1.7801512,0.00019999972,1.2942755,4.784676631291707,4.7846765774004325,175.5
58000,1.7810891,0.00019999972,1.1056563,3.635214408238729,3.635214394919027,164.33333333333334
59000,1.778886,0.00019999972,1.3136741,9.064023643732071,9.06402357296247,430.5
60000,1.7757559,0.00019999972,1.3387089,7.538723737001419,7.538723842619144,259.1666666666667
61000,1.7803985,0.00019999972,1.1489545,1.7834916127224762,1.783491641229072,126.33333333333333
62000,1.7799182,0.00019999972,1.0365952,5.7185409516096115,5.718540868543551,222.8
63000,1.7759111,0.00019999972,1.6568804,10.443542718887329,10.44354250115066,254.0
64000,1.765853,0.00019999972,1.6377999,10.315316684544086,10.315316682860157,388.75
65000,1.7674929,0.00019999972,1.256712,5.660028358300527,5.660028437006834,197.0
66000,1.7651964,0.00019999972,1.5564188,6.403620171546936,6.403620163387961,204.4
67000,1.7630914,0.00019999972,1.4028379,11.007926801840464,11.007926877203166,313.0
68000,1.7588722,0.00019999969,1.117843,2.972208898514509,2.972208914951068,134.5
69000,1.7650083,0.00019999967,1.573674,18.39488011598587,18.394879926659087,428.0
70000,1.7695884,0.00019999967,1.5775205,6.810788345336914,6.810788405163476,205.6
71000,1.7661653,0.00019999967,1.4179767,4.505905461808045,4.5059055578734615,178.66666666666666
72000,1.7709501,0.00019999967,1.5189241,3.0953851767948697,3.095385198640023,118.28571428571429
73000,1.7513565,0.00019999967,1.5244468,9.20933222770691,9.209332159135252,248.33333333333334
74000,1.7513055,0.00019999967,1.8004113,21.10126006603241,21.101260065277984,490.0
75000,1.7526395,0.00019999967,1.8117547,17.070677558581036,17.070678054515003,398.6666666666667
76000,1.7585955,0.00019999967,1.6498035,11.123745560646057,11.123745649805187,289.0
77000,1.7575068,0.00019999967,1.7367938,18.23441457748413,18.234414841841044,404.5
78000,1.7603376,0.00019999967,1.796384,23.83877980709076,23.83877922576221,544.0
79000,1.7536649,0.00019999967,1.6457003,8.886842405656353,8.88684231612774,254.5
80000,1.7499524,0.00019999967,1.7079071,7.735216833651066,7.7352170893514085,216.5
81000,1.7532817,0.00019999967,1.5224773,12.48919121424357,12.489191043724228,346.6666666666667
82000,1.7724469,0.00019999967,1.8624673,9.493487805128098,9.493487838850797,410.0
83000,1.7669976,0.00019999966,1.8546243,51.52951669692993,51.52951632780605,1229.0
84000,1.7468679,0.00019999966,1.9843373,8.990441083908081,8.990441034081929,217.25
85000,1.7369578,0.00019999966,2.05489,18.383720219135284,18.383720342138304,440.5
86000,1.740812,0.00019999965,1.9104404,6.968575457731883,6.968575461430494,185.5
87000,1.7243117,0.00019999965,2.1147676,14.645072847604752,14.645072727142178,344.0
88000,1.7413218,0.00019999965,2.2310994,33.39410290122032,33.3941023886714,671.0
89000,1.7335441,0.00019999965,2.0943491,10.675698101520538,10.675698131660283,255.25
90000,1.7434994,0.00019999965,1.9836736,24.117317616939545,24.117317481872306,483.5
91000,1.7275541,0.00019999965,2.1358752,16.687880754470825,16.687880990116355,348.0
92000,1.724542,0.00019999965,1.9693379,15.866686001420021,15.866685902569031,319.75
93000,1.7399257,0.00019999965,2.2376873,67.19404602050781,67.1940452635099,1323.0
94000,1.721443,0.00019999965,2.3025613,16.27761246263981,16.277612030574346,371.5
95000,1.7164011,0.00019999965,2.2336106,13.141600251197815,13.141600511544311,372.0
96000,1.7280769,0.00019999965,2.4473867,80.09414601325989,80.09414598482545,1544.0
97000,1.7278115,0.00019999965,2.5383673,None,None,None
98000,1.7084116,0.00019999965,2.2209244,54.271009266376495,54.27100947468989,1108.0
99000,1.7319958,0.00019999965,2.0587122,24.170591592788696,24.170591280105327,487.0
100000,1.7402884,0.00019999963,2.0374484,10.648687019944191,10.648687013622634,352.75
101000,1.7143,0.0001999996,2.3452992,15.182757516702017,15.182757708442333,310.3333333333333
102000,1.7187284,0.0001999996,1.9841136,7.255754280090332,7.2557541602122,221.8
103000,1.7655407,0.0001999996,1.69839,5.737484455108643,5.737484548706561,187.0
104000,1.7247409,0.0001999996,2.1665483,15.46464995543162,15.46464989492415,476.6666666666667
105000,1.7297093,0.0001999996,2.437071,30.145421653985977,30.145422103031706,611.5
106000,1.7228132,0.0001999996,2.5188625,26.274777352809906,26.274777225708476,519.0
107000,1.7289684,0.0001999996,2.2820337,6.396759760379791,6.396759662381737,167.2
108000,1.7434071,0.0001999996,2.0948865,11.905753664672375,11.905753889389075,304.75
109000,1.71823,0.0001999996,2.331758,7.79595685005188,7.795956960181502,186.6
110000,1.7424082,0.0001999996,2.4012833,13.363912403583527,13.363912668626654,350.0
111000,1.7220124,0.0001999996,2.3976536,9.77371895313263,9.773718845689245,251.5
112000,1.7229046,0.0001999996,2.2473128,21.399935513734818,21.399935648180758,455.0
113000,1.7476264,0.00019999957,2.7680504,33.0003996193409,33.000400019358494,599.0
114000,1.7271268,0.00019999957,2.530447,20.85685260593891,20.8568524210347,419.0
115000,1.7295505,0.00019999954,2.4964468,13.87453493475914,13.87453480845636,298.25
116000,1.7404594,0.00019999949,2.511098,51.21872091293335,51.218720608195326,1050.0
117000,1.7063748,0.00019999949,2.6627417,15.74542792638143,15.745428279456368,336.0
118000,1.7287072,0.00019999949,2.4797719,18.758700609207153,18.75870081710491,401.0
119000,1.7397108,0.00019999949,2.5441933,8.782871613899866,8.782871658446235,215.66666666666666
120000,1.7287341,0.00019999949,2.762425,24.48499286174774,24.48499225872547,469.5
121000,1.7376616,0.00019999949,2.2765331,2.939875554293394,2.9398755779750303,108.625
122000,1.730862,0.00019999949,2.7720132,56.50304973125458,56.50304938739646,1019.0
123000,1.7368153,0.00019999949,2.6964397,13.909715965390205,13.909716133842721,291.75
124000,1.7379776,0.00019999949,2.6097848,6.755870699882507,6.755870741369563,154.0
125000,1.7038484,0.00019999949,2.706142,9.435487776994705,9.435487859913337,217.75
126000,1.7077594,0.00019999949,3.1765594,46.39281785488129,46.39281792896145,809.0
127000,1.699073,0.00019999947,2.6516504,36.36086465418339,36.360864953408054,665.5
128000,1.6974874,0.00019999946,2.8260682,25.433710664510727,25.43371086101888,511.5
129000,1.703908,0.00019999946,2.7562764,13.240423068404198,13.24042309987999,275.0
130000,1.712948,0.00019999946,2.9435654,None,None,None
131000,1.6982731,0.00019999946,2.9007218,30.439987242221832,30.43998737637412,585.6666666666666
132000,1.6704048,0.00019999946,2.8260512,18.919365803400677,18.91936620840109,368.0
133000,1.7057093,0.00019999946,2.5506332,8.81880314151446,8.818803160658874,192.33333333333334
134000,1.7211679,0.00019999946,2.8180358,16.374403178691864,16.37440314622957,344.6666666666667
135000,1.6785796,0.00019999946,3.3628893,None,None,None
136000,1.6767366,0.00019999946,2.78795,14.067376009055547,14.067376116460148,280.14285714285717
137000,1.6661035,0.00019999946,3.0187407,9.919809177517891,9.9198092270872,203.5
138000,1.6558493,0.00019999946,2.8871315,13.91752627491951,13.917525923360245,278.75
139000,1.6426132,0.00019999944,3.3860762,None,None,None
140000,1.6610532,0.00019999943,3.2544749,81.87940436601639,81.87940310857448,1374.0
141000,1.691425,0.00019999943,2.8862758,13.863787829875946,13.863787986424464,307.0
142000,1.6761142,0.00019999943,2.8136797,39.67802965641022,39.67802986547292,745.5
143000,1.6610101,0.00019999943,3.3113184,27.816126823425293,27.816126059541148,474.0
144000,1.6718667,0.00019999943,3.1580687,43.37118661403656,43.37118691793785,769.0
145000,1.6591234,0.00019999943,2.9235573,30.97277714808782,30.972777504493138,594.6666666666666
146000,1.6466249,0.00019999943,3.2515633,9.042664150396982,9.04266425612309,214.33333333333334
147000,1.6243299,0.00019999943,2.8716962,16.498219922184944,16.49821973543618,339.5
148000,1.6581277,0.00019999943,3.1917462,12.465551644563675,12.465551732244151,253.75
149000,1.6591481,0.00019999943,3.3910766,13.565014094114304,13.565014073307111,285.0
150000,1.6463261,0.00019999943,3.3894749,40.82398399710655,40.82398392466257,729.5
151000,1.6674213,0.00019999943,2.947323,7.950251922011375,7.950251959367051,195.25
152000,1.6559412,0.00019999943,3.0866532,14.095288693904877,14.095288578679344,271.0
153000,1.6469376,0.00019999943,3.1012459,17.919505794843037,17.91950565657741,352.3333333333333
154000,1.6190073,0.00019999943,3.2916574,38.81292963027954,38.812929016048656,689.0
155000,1.6313366,0.00019999943,3.5273287,48.149175584316254,48.14917514892841,849.0
156000,1.5922654,0.00019999943,3.7342134,31.232745885849,31.232745054039697,563.0
157000,1.6595685,0.00019999943,3.0839818,29.22306917111079,29.223069028201888,547.6666666666666
158000,1.6022964,0.00019999943,3.4811049,14.778054639697075,14.778054908370905,292.75
159000,1.596095,0.00019999943,3.4488733,46.634644746780396,46.63464504783042,811.0
160000,1.6383017,0.0001999994,3.2322977,18.32670760154724,18.32670739321573,384.3333333333333
161000,1.5996538,0.00019999937,3.5079503,0.5723373889923096,0.5723373994696885,43.0
162000,1.6480478,0.00019999937,3.5792322,26.242798298597336,26.24279793281937,465.25
163000,1.6028728,0.00019999937,3.4204433,11.127206191420555,11.127206119207699,230.75
164000,1.6188413,0.00019999937,3.649834,18.55657966931661,18.556579758484457,336.6666666666667
165000,1.6277125,0.00019999937,3.7244878,30.956571221351624,30.956571157536928,555.0
166000,1.5807292,0.00019999937,3.8903813,52.771310329437256,52.77131071087206,882.0
167000,1.5443174,0.00019999937,3.4615068,9.831812000274658,9.831812068663567,217.2
168000,1.6104028,0.00019999937,3.3094833,8.602452719211579,8.60245287148282,190.2
169000,1.5588752,0.0001999993,3.585297,16.984458049138386,16.984457589869635,317.0
170000,1.6208445,0.00019999927,3.0584738,13.490627904733023,13.490627978882609,309.3333333333333
171000,1.5577674,0.00019999927,3.9538696,65.14286929368973,65.14286967880798,1081.0
172000,1.5486789,0.00019999925,3.593214,5.953353554010391,5.953353442673233,165.0
173000,1.5525208,0.00019999924,3.4170172,16.34977458715439,16.349774819240885,296.8
174000,1.536989,0.00019999924,3.207139,11.694971531629562,11.694971442208725,254.0
175000,1.5568076,0.00019999924,3.4982917,18.175777792930603,18.175778077259963,344.0
176000,1.5397273,0.00019999924,3.592921,19.400380353132885,19.40038026095135,384.3333333333333
177000,1.4967996,0.00019999924,4.0977716,None,None,None
178000,1.5018562,0.00019999924,3.6000125,31.011298403143883,31.011298149841537,527.25
179000,1.528209,0.00019999924,3.912147,3.8813409507274628,3.8813409740114366,119.5
180000,1.5135357,0.00019999924,3.5009785,31.78878430525462,31.78878399964613,561.6666666666666
181000,1.5591832,0.00019999924,3.7520888,14.640113880236944,14.640113716983251,279.0
182000,1.525068,0.00019999924,4.0172586,36.604485869407654,36.60448586283678,609.5
183000,1.5138354,0.00019999924,3.6694639,14.158319234848022,14.158318902175173,288.0
184000,1.5898954,0.00019999922,3.333192,8.191550850868225,8.191551010673095,199.5
185000,1.5451192,0.00019999921,3.488603,8.785644340515137,8.785644449660236,197.6
186000,1.5016981,0.00019999921,3.9506333,22.168027917544048,22.168027835903633,396.0
187000,1.526125,0.00019999921,3.758814,14.303481444716454,14.303481512209146,278.5
188000,1.5324265,0.00019999921,4.1592703,24.256345808506012,24.256346467664116,411.0
189000,1.5655873,0.00019999921,3.9455724,27.57924073934555,27.579240894442744,473.3333333333333
190000,1.550949,0.00019999921,3.6917608,10.190784430503845,10.190784432903637,224.2
191000,1.5285017,0.00019999921,3.6682062,25.635625064373016,25.635625584785885,488.5
192000,1.5415657,0.00019999921,3.6266098,8.821104490756989,8.821104345055073,188.8
193000,1.4941412,0.00019999921,3.7549615,13.107802659273148,13.10780248377614,259.25
194000,1.5099318,0.00019999921,3.9893875,13.300026059150696,13.300025735056806,273.5
195000,1.532189,0.00019999921,3.8042338,11.971358448266983,11.971358506115081,237.25
196000,1.5298827,0.00019999921,4.170912,31.85429936647415,31.85429893629862,539.0
197000,1.4828128,0.00019999921,4.016055,34.9016535282135,34.901653879424885,596.0
198000,1.4703252,0.00019999921,4.1246986,22.22790978352229,22.227909853357534,396.0
199000,1.4668443,0.0001999992,3.9471014,34.106492936611176,34.10649258093338,628.5
200000,1.4721828,0.00019999918,4.084777,11.07808127005895,11.078081479354523,233.33333333333334
201000,1.475448,0.00019999918,3.728962,12.546673500537873,12.546673564461434,251.0
202000,1.5012757,0.00019999918,4.4322004,74.10456258058548,74.10456305288244,1219.0
203000,1.4774226,0.00019999918,4.1267877,19.329588443040848,19.329588109229007,350.5
204000,1.4833006,0.00019999918,3.57676,7.938053343977247,7.938053491716216,176.71428571428572
205000,1.5189492,0.00019999918,4.2259755,8.029723783334097,8.029723645614013,179.33333333333334
206000,1.4507407,0.00019999918,4.132347,21.032188316186268,21.032188510369753,369.3333333333333
207000,1.5318558,0.00019999918,3.858037,18.54525615274906,18.54525647807202,338.5
208000,1.4800607,0.00019999918,3.7361274,8.617961704730988,8.617961744006664,191.5
209000,1.4859428,0.00019999918,4.3010163,26.16986060142517,26.169860199752293,447.5
210000,1.5005286,0.00019999918,4.2281556,30.36413887143135,30.364139188127183,539.0
211000,1.5025842,0.00019999918,4.162771,13.778789162635803,13.778789079795994,267.0
212000,1.4803098,0.00019999918,4.0692124,59.27995038032532,59.27994990404113,998.0
213000,1.521217,0.00019999918,4.0250072,22.554555137952168,22.554555064983713,401.0
214000,1.5482658,0.00019999918,4.457958,43.94368025660515,43.94368112646771,772.0
215000,1.4719317,0.00019999918,4.098372,13.315138280391693,13.31513828980701,254.5
216000,1.4881924,0.00019999918,4.280137,23.83768340945244,23.83768307493233,443.0
217000,1.4940666,0.00019999914,3.822826,36.35856846968333,36.35856863389623,642.0
218000,1.440672,0.00019999912,4.1905556,12.801852479577065,12.801852427895028,244.75
219000,1.4410661,0.00019999912,3.8944867,6.080946147441864,6.080946033873185,140.0
220000,1.5012105,0.00019999912,3.6144533,10.944663859903812,10.944663716966488,231.75
221000,1.4493297,0.00019999912,3.8983097,10.883705079555511,10.883705504931527,229.5
222000,1.3793592,0.00019999912,3.680856,7.103109985589981,7.103110069367783,156.33333333333334
223000,1.4456588,0.00019999912,4.380145,50.93440496921539,50.934403518498584,883.0
224000,1.4646003,0.00019999912,4.099344,23.364313026269276,23.3643135615348,428.3333333333333
225000,1.4400192,0.00019999912,4.4443884,25.126624763011932,25.126624820530196,439.5
226000,1.4618609,0.00019999912,3.9816577,13.759634047746658,13.7596340476166,257.0
227000,1.4059508,0.00019999912,4.020209,14.8768803079923,14.876880246144234,294.6666666666667
228000,1.4149075,0.00019999912,4.6112366,54.40708953142166,54.40708942209312,915.0
229000,1.434717,0.0001999991,3.5877907,6.30941005051136,6.309409975209292,145.75
230000,1.414084,0.0001999991,4.50296,16.141100883483887,16.141101084605793,312.5
231000,1.4172739,0.0001999991,4.5295367,64.44876277446747,64.44876373115267,1078.0
232000,1.3943303,0.00019999903,3.8985355,14.565264403820038,14.565264773102399,275.0
233000,1.4205317,0.00019999903,3.8461077,47.67465901374817,47.6746588704882,795.0
234000,1.4011196,0.00019999903,4.352406,36.13435426354408,36.134354404961186,682.5
235000,1.4363697,0.00019999903,4.497074,28.254986613988876,28.254987246620658,492.0
236000,1.4005187,0.00019999903,4.5942955,10.392441540956497,10.392441412038806,229.0
237000,1.4217256,0.00019999903,4.0876236,16.1900452375412,16.190045304407818,294.25
238000,1.4093118,0.00019999903,4.6643915,None,None,None
239000,1.400256,0.00019999903,4.1438546,46.20846106608709,46.20846088766924,786.3333333333334
240000,1.449171,0.00019999903,4.3810415,14.112282782793045,14.112282996078193,265.5
241000,1.4082553,0.00019999903,4.215841,8.334539733827114,8.334539829497032,177.25
242000,1.4056238,0.00019999903,3.885218,14.555119385321936,14.555119397988468,286.3333333333333
243000,1.3996738,0.00019999902,4.2401257,13.645530223846436,13.645530342198981,257.6666666666667
244000,1.4465218,0.00019999898,3.779211,27.18788307905197,27.18788322909768,489.5
245000,1.4449877,0.00019999898,4.278881,21.4310498436292,21.43104956379557,389.0
246000,1.4323665,0.00019999898,3.6716244,9.453164899349213,9.453165002111927,198.8
247000,1.4496045,0.00019999898,4.133094,14.18614512681961,14.186145202407033,308.5
248000,1.4254512,0.00019999898,4.616865,79.75717413425446,79.75717391789658,1298.0
249000,1.4191835,0.00019999898,3.844508,15.419150849183401,15.419150926327953,309.0
250000,1.3511231,0.00019999898,4.051123,9.013848888874055,9.01384881517273,186.6
251000,1.3484579,0.00019999898,4.575828,21.628293812274933,21.628293866429278,385.3333333333333
252000,1.3893425,0.00019999898,4.117464,5.684618949890137,5.6846190324517165,141.66666666666666
253000,1.405352,0.00019999898,4.00942,35.58668291568756,35.58668319881352,608.5
254000,1.3751584,0.00019999898,4.770773,45.36673593521118,45.36673566506033,754.0
255000,1.389429,0.00019999898,4.7512956,50.66083097457886,50.660831085691825,873.0
256000,1.3908908,0.00019999898,4.6498113,45.37762272357941,45.3776228438237,750.0
257000,1.360421,0.00019999898,4.2368646,15.762711274623872,15.76271132990114,288.0
258000,1.4506012,0.00019999898,3.831652,14.30051896572113,14.300519079784772,290.6
259000,1.3967917,0.00019999898,4.467451,13.506895571947098,13.506895650716615,277.0
260000,1.4068894,0.00019999898,4.1791477,17.6651801019907,17.665180197656355,325.5
261000,1.3706316,0.00019999898,4.3634233,8.449882944424948,8.449882895303292,186.33333333333334
262000,1.3446865,0.00019999895,4.6770663,82.68235158920288,82.6823505646953,1368.0
263000,1.3237149,0.00019999895,4.1780043,5.090915083885193,5.0909149586026,135.25
264000,1.3583274,0.00019999895,4.6518536,42.45456808805466,42.454567837462946,728.0
265000,1.3992708,0.00019999895,4.1190596,17.102437774340313,17.102438111473322,333.0
266000,1.4041231,0.00019999895,4.650834,3.969285488128662,3.969285409931217,105.0
267000,1.3565187,0.00019999895,4.3447614,22.87861941754818,22.878619428763614,413.25
268000,1.3743826,0.00019999895,4.893247,41.16551470756531,41.16551329165668,678.0
269000,1.354863,0.00019999895,4.555318,25.78429764509201,25.784297818562226,447.6666666666667
270000,1.3364539,0.00019999895,4.5951986,19.926994800567627,19.92699485459646,367.0
271000,1.3349998,0.00019999895,4.094996,7.392136752605438,7.3921367841371195,167.0
272000,1.4475651,0.00019999895,4.2791533,14.92472392320633,14.92472365790627,288.6666666666667
273000,1.3233032,0.00019999895,3.8853774,9.302864789962769,9.302864934830495,207.0
274000,1.3308946,0.00019999895,4.5977364,38.860602766275406,38.86060245709996,681.5
275000,1.4020828,0.00019999895,4.5293922,25.37406685948372,25.37406624202731,444.5
276000,1.3515415,0.00019999893,4.564533,21.9966521859169,21.996652286000426,397.0
277000,1.4427825,0.00019999892,3.963561,14.648764689763388,14.648764266401107,281.3333333333333
278000,1.3232967,0.00019999892,4.5764318,36.11365121603012,36.11365111688474,634.0
279000,1.4591719,0.00019999892,3.6322296,10.14963618516922,10.149636199330235,238.2
280000,1.3652334,0.00019999892,4.382403,13.614796221256256,13.614796450210278,246.75
281000,1.3845979,0.00019999892,4.6057506,10.864602945744991,10.864602905940671,207.0
282000,1.3872284,0.00019999892,4.770509,45.29067039489746,45.29067148309991,771.0
283000,1.3523266,0.00019999892,4.4094477,23.55975577235222,23.55975568570443,421.5
284000,1.3558793,0.00019999892,4.639598,23.9582200050354,23.958219936304886,435.5
285000,1.3933799,0.00019999887,4.615406,20.992597609758377,20.992597499895965,360.5
286000,1.3293943,0.00019999883,4.458645,39.4085014462471,39.408501444098874,679.0
287000,1.3674687,0.00019999883,4.3369255,5.9472010970115665,5.947201145027293,140.6
288000,1.4181395,0.00019999883,4.397368,24.88910909493764,24.889108998567583,427.6666666666667
289000,1.3636323,0.00019999883,4.5467787,17.56706754366557,17.56706754724534,324.6666666666667
290000,1.3548754,0.00019999883,4.7709923,21.142326712608337,21.142326403790094,363.5
291000,1.289486,0.0001999988,4.194282,33.90205579996109,33.902055543032475,597.5
292000,1.3730259,0.0001999988,4.064411,13.162775963544846,13.16277597195176,271.25
293000,1.3616391,0.0001999988,4.736629,51.25866723060608,51.25866768234209,879.0
294000,1.3082412,0.0001999988,4.132947,7.58328836162885,7.583288229826773,173.16666666666666
295000,1.2887498,0.0001999988,4.406712,8.181291311979294,8.181291126814585,177.0
296000,1.29231,0.0001999988,4.4402633,28.822806775569916,28.82280670433056,511.6666666666667
297000,1.3209268,0.0001999988,4.8467846,30.25749909877777,30.257499409574848,535.0
298000,1.3397844,0.0001999988,4.656143,34.00357085466385,34.00357147947841,587.0
299000,1.3291878,0.0001999988,4.7454653,67.46324890851974,67.46324885822833,1108.0
300000,1.3109989,0.00019999877,4.4843116,11.874601562817892,11.874601325176627,218.33333333333334
301000,1.2924993,0.00019999874,4.138466,17.335760578513145,17.335760669009915,318.5
302000,1.295764,0.00019999874,4.5300603,15.525621016820272,15.525621228291149,287.3333333333333
303000,1.2968501,0.00019999874,4.7480316,25.00437816977501,25.004378107294997,442.5
304000,1.3100803,0.00019999874,4.337436,26.65206305185954,26.652062971139458,466.3333333333333
305000,1.299322,0.00019999874,4.620957,26.942414462566376,26.942414247976558,479.5
306000,1.2878416,0.00019999874,4.620926,20.345302442709606,20.34530200119146,363.3333333333333
307000,1.31222,0.00019999874,4.774863,60.70754814147949,60.707549053886396,1007.0
308000,1.284177,0.00019999874,4.531936,32.37663245201111,32.376632684026845,531.0
309000,1.269509,0.00019999874,4.2723727,12.069017255306244,12.069017211531582,233.4
310000,1.2874612,0.00019999874,4.7789683,13.37121132016182,13.371211009884064,238.5
311000,1.2796828,0.00019999874,3.7279172,16.79593696594238,16.795937060958302,310.6
312000,1.2546856,0.00019999874,3.964937,9.494743237892786,9.494743100648918,188.5
313000,1.287752,0.00019999874,4.696738,18.035150508085888,18.035150414919674,339.3333333333333
314000,1.2400496,0.00019999874,4.544243,5.433730602264404,5.433730565372116,148.0
315000,1.2794173,0.00019999874,4.477911,44.54755327105522,44.547553100957884,738.5
316000,1.2981927,0.00019999874,3.946838,11.865263938903809,11.865263840227513,235.25
317000,1.3146843,0.00019999874,4.3108525,25.161557018756866,25.161556989420205,448.0
318000,1.302012,0.00019999871,4.5511756,14.551522955298424,14.551523027683857,256.5
319000,1.2362052,0.0001999987,4.714228,18.604642122983932,18.60464171366766,334.0
320000,1.2714871,0.0001999987,4.682834,24.363538424173992,24.3635385096682,419.3333333333333
321000,1.2008203,0.0001999987,4.4216766,11.725993245840073,11.725993151588682,234.75
322000,1.2243999,0.0001999987,5.0326986,43.137474060058594,43.13747397010593,738.0
323000,1.2274683,0.0001999987,4.5862207,21.32910491526127,21.329104782444983,384.75
324000,1.2535682,0.0001999987,4.836154,20.716276735067368,20.716277244810044,387.5
325000,1.2577895,0.0001999987,4.5836573,12.257453203201294,12.257453284973735,256.5
326000,1.1978021,0.0001999987,4.416229,28.87117890516917,28.871178955090727,510.3333333333333
327000,1.2061253,0.0001999987,4.003312,12.100753769278526,12.100753683037624,236.75
328000,1.2112947,0.0001999987,4.7121377,14.925038009881973,14.925038049694649,294.5
329000,1.2307972,0.0001999987,3.8404694,15.267051458358765,15.26705143628924,295.6
330000,1.2384651,0.0001999987,4.1950893,5.102128759026527,5.102128647450172,135.25
331000,1.2021394,0.0001999987,4.636593,65.54171925783157,65.54171934862507,1087.0
332000,1.2440822,0.0001999987,5.0181527,56.5640983581543,56.5640985473874,943.0
333000,1.2637622,0.00019999867,4.6852856,32.939293682575226,32.93929340990087,584.5
334000,1.259753,0.00019999867,4.751243,11.941645562648773,11.941645659035203,239.0
335000,1.2510505,0.00019999867,4.331493,19.82422772049904,19.824227699738685,368.25
336000,1.1826934,0.00019999867,4.7212963,37.50233733654022,37.502337906155844,646.5
337000,1.2633241,0.00019999867,4.3116007,25.12927281856537,25.12927216297021,433.0
338000,1.2317437,0.00019999867,4.0872407,11.106500136852265,11.106500125014929,219.8
339000,1.282075,0.00019999867,4.242919,11.70457623898983,11.704576291363558,228.5
340000,1.2494906,0.00019999867,4.8260717,9.77916157245636,9.77916152647822,206.0
341000,1.2152624,0.00019999867,4.8768682,39.108335703611374,39.108335929374334,642.5
342000,1.1989872,0.00019999867,4.347473,24.276256759961445,24.27625697300391,430.0
343000,1.2479415,0.00019999867,4.89851,24.20239132642746,24.202391081733367,428.5
344000,1.2076204,0.00019999867,4.438333,28.934517711400986,28.934518051119426,514.0
345000,1.1764497,0.00019999864,4.3761506,14.822052747011185,14.82205322742061,286.5
346000,1.1928325,0.00019999864,4.398343,35.22093543410301,35.22093553061495,636.5
347000,1.1463416,0.00019999864,4.5779915,33.820071041584015,33.820071655911306,593.0
348000,1.2072228,0.00019999855,4.300107,16.398508926232655,16.398508947283517,315.3333333333333
349000,1.1310587,0.00019999855,4.22736,8.097543492913246,8.097543594314672,178.0
350000,1.193166,0.00019999855,4.620369,19.058618525664013,19.058618813220466,345.6666666666667
351000,1.1679883,0.00019999855,4.538925,22.447227557500202,22.447227243865807,410.6666666666667
352000,1.2253132,0.00019999855,4.556019,20.2277449965477,20.227745358135508,367.0
353000,1.1618831,0.00019999855,4.7241488,23.555522243181866,23.55552235086543,396.3333333333333
354000,1.1311755,0.00019999855,4.7874784,27.232192754745483,27.232192922292597,444.0
355000,1.2290254,0.00019999855,4.21769,51.86146330833435,51.86146308938987,861.0
356000,1.2088165,0.00019999855,4.142469,10.343032695353031,10.343032597150938,215.0
357000,1.167831,0.00019999855,4.909213,None,None,None
358000,1.1439589,0.00019999855,3.744544,7.838204354047775,7.838204389379238,163.66666666666666
359000,1.1293117,0.00019999855,4.231339,6.437785883744557,6.437785776207799,153.5
360000,1.1766919,0.00019999851,4.776798,18.811788618564606,18.81178914504335,352.0
361000,1.1748806,0.00019999851,4.772998,24.241301655769348,24.24130128651753,423.6666666666667
362000,1.2408347,0.00019999851,4.3009543,7.926293075084686,7.926293185036381,167.5
363000,1.2005295,0.00019999851,4.3703628,23.23520565032959,23.235205633620353,450.5
364000,1.1680615,0.00019999851,4.359578,11.219551543394724,11.21955155432166,240.33333333333334
365000,1.142149,0.00019999851,4.7489147,21.16212276617686,21.16212286541592,377.0
366000,1.2052714,0.00019999851,4.398405,11.428143754601479,11.428143799936834,225.75
367000,1.1860526,0.00019999851,4.202947,12.031029492616653,12.031029360583773,241.0
368000,1.2081972,0.00019999851,4.0444136,11.906782537698746,11.90678278033647,247.0
369000,1.1502578,0.00019999851,4.620823,38.88341948390007,38.88341952278279,654.5
370000,1.1608909,0.00019999851,4.543653,26.456004947423935,26.456005466775878,463.0
371000,1.1597121,0.00019999851,3.9108047,7.517184774080913,7.5171846273304554,162.16666666666666
372000,1.2308373,0.00019999851,4.8344326,28.390233159065247,28.390233391037214,486.0
373000,1.2105314,0.00019999851,4.7211657,19.947000086307526,19.946999638292,351.5
374000,1.1410115,0.00019999851,4.2565265,15.288412302732468,15.288412543683421,298.75
375000,1.1700984,0.0001999985,4.878217,None,None,None
376000,1.1763484,0.0001999985,3.5342069,27.68559256196022,27.685592463753437,513.25
377000,1.1607744,0.0001999985,4.8068676,20.920741319656372,20.920740658417344,357.0
378000,1.1878335,0.00019999848,4.722103,41.08205145597458,41.08205125598488,696.5
379000,1.1725676,0.00019999848,3.9628649,11.70871410369873,11.708714065707682,223.6
380000,1.1942812,0.00019999848,4.688694,31.63021671772003,31.63021637340944,537.0
381000,1.1850679,0.00019999848,4.7484627,27.095067977905273,27.095068544314927,481.0
382000,1.1568294,0.00019999848,4.2357235,8.504912769794464,8.504912591210267,186.6
383000,1.1946994,0.00019999848,4.9136677,22.320381820201874,22.320381517582973,397.0
384000,1.162729,0.00019999848,4.702341,23.32255317767461,23.32255344743453,405.6666666666667
385000,1.1709038,0.00019999848,4.6139135,42.73560702800751,42.73560746602152,741.0
386000,1.1517386,0.00019999848,4.0616827,36.43015268445015,36.43015268818476,645.5
387000,1.1931393,0.00019999848,4.787943,44.17937183380127,44.179372150234485,752.0
388000,1.1710007,0.00019999848,4.3898764,10.713907584547997,10.71390744024228,224.75
389000,1.2001,0.00019999848,4.9344482,None,None,None
390000,1.1774504,0.00019999848,4.6741004,42.324455281098686,42.32445494928652,711.3333333333334
391000,1.1102068,0.00019999848,4.355164,9.512864102919897,9.512864079073305,191.33333333333334
392000,1.1302947,0.00019999848,4.1683435,13.912599901358286,13.912599697416832,290.0
393000,1.1157666,0.00019999844,4.1956387,5.426421453555425,5.426421351643057,130.0
394000,1.1331779,0.00019999844,4.159108,10.962874507904052,10.962874607238428,225.4
395000,1.1433362,0.00019999844,4.0885286,21.63942649960518,21.639426512616964,407.5
396000,1.1036502,0.00019999844,4.4255157,6.685696661472321,6.685696787617417,143.33333333333334
397000,1.058903,0.00019999844,4.301618,10.114877724647522,10.114877656531803,215.4
398000,1.0885041,0.00019999844,3.8235617,7.913557271162669,7.913557226127978,176.66666666666666
399000,1.1212344,0.00019999844,4.4933224,14.661705255508423,14.66170484365901,287.0
400000,1.0956619,0.00019999844,4.555193,15.495970696210861,15.495970711959671,308.0
401000,1.1305835,0.00019999841,4.548148,21.999179124832153,21.999179384002673,381.0
402000,1.1385877,0.00019999835,4.951847,26.12032949924469,26.12032972303973,474.0
403000,1.1141897,0.00019999835,4.154928,16.33002398411433,16.33002386341688,294.3333333333333
404000,1.1368771,0.00019999835,4.745171,24.381050407886505,24.381050115968264,435.5
405000,1.1821411,0.00019999835,4.1982756,10.568799591064453,10.56879950182638,217.2
406000,1.1844374,0.00019999835,4.368505,21.6319759786129,21.631975842481552,380.5
407000,1.1473233,0.00019999835,4.2854714,7.738655224442482,7.738655184300114,166.75
408000,1.1945798,0.00019999832,3.985457,31.036003947257996,31.03600425874788,552.5
409000,1.1303415,0.00019999832,4.1624894,11.413389066855112,11.41338918832408,215.83333333333334
410000,1.1706091,0.00019999832,4.619907,25.2999484539032,25.299947759904626,418.5
411000,1.1812204,0.00019999832,4.421964,19.728128671646118,19.72812889275762,360.0
412000,1.134735,0.00019999832,4.119185,20.35643794139226,20.356437999430756,367.6666666666667
413000,1.128734,0.00019999832,4.5820456,1.450550119082133,1.4505501085610983,64.0
414000,1.2863129,0.00019999832,4.2675695,31.081822832425434,31.08182278480702,570.0
415000,1.2069539,0.00019999832,4.4796996,16.848605185747147,16.84860523636985,332.5
416000,1.2442529,0.00019999832,4.7482114,30.633156657218933,30.63315688152784,516.5
417000,1.2103162,0.00019999828,4.4802337,27.447651773691177,27.447651629643133,498.5
418000,1.1586201,0.00019999828,4.447308,47.49208468198776,47.49208381017888,778.0
419000,1.228759,0.00019999828,4.432892,86.69428637623787,86.6942862608123,1461.0
420000,1.2354496,0.00019999828,4.2181935,15.478630900382996,15.47863063768697,308.3333333333333
421000,1.1632518,0.00019999828,4.9119096,24.42097580432892,24.42097610608687,413.0
422000,1.1931051,0.00019999828,4.5456047,12.919005382061005,12.919005379127203,249.6
423000,1.0745548,0.00019999828,4.1082244,9.138817265629768,9.138817325572518,194.0
424000,1.1947764,0.00019999828,4.76968,11.178489118814468,11.178488957742161,215.5
425000,1.1765908,0.00019999828,3.7718837,17.008438873291016,17.00843855520361,318.2
426000,1.1856111,0.00019999828,3.7733395,7.7328773736953735,7.732877471785469,172.4
427000,1.1381248,0.00019999828,4.5870347,16.547006130218506,16.547005973647174,303.0
428000,1.1661015,0.00019999828,4.4408426,24.585442662239075,24.585442570002744,444.3333333333333
429000,1.221251,0.00019999828,4.2929916,18.176844030618668,18.176844144213646,354.5
430000,1.1077112,0.00019999828,4.475971,41.35717236995697,41.3571725007796,716.0
431000,1.159149,0.00019999828,5.0841684,34.68686032295227,34.68685971804098,581.0
432000,1.1837927,0.00019999826,4.818739,19.341729879379272,19.341730123634534,348.0
433000,1.180785,0.00019999826,4.980719,None,None,None
434000,1.2308186,0.00019999826,3.9021513,18.902580613891285,18.902580313801735,343.1666666666667
435000,1.0981196,0.00019999825,4.3235908,13.4133570343256,13.413357229059386,299.5
436000,1.2209328,0.00019999825,4.298761,28.491785615682602,28.491785699682623,497.5
437000,1.171678,0.00019999825,3.9780006,9.717396333813667,9.717396365037303,223.0
438000,1.1630493,0.00019999825,4.0440845,5.020955835069929,5.020955881553618,130.14285714285714
439000,1.2207472,0.00019999825,4.946275,20.90643087029457,20.906430565360665,382.0
440000,1.2073344,0.00019999825,4.362029,24.711208164691925,24.71120801875736,444.0
441000,1.1399207,0.00019999825,3.9787335,18.82541035115719,18.825410316556532,346.5
442000,1.2026852,0.00019999825,5.1135597,23.269302368164062,23.269302973090817,422.0
443000,1.242191,0.00019999825,4.575354,40.12746545672417,40.12746608673706,674.5
444000,1.1988083,0.00019999825,4.992751,36.41980093717575,36.4198002843404,619.0
445000,1.1882956,0.00019999825,3.871129,4.905779212713242,4.905779139911942,118.25
446000,1.251111,0.00019999825,4.0694795,6.624155354499817,6.6241554310224275,157.2
447000,1.2293149,0.00019999825,3.8748999,9.221741414070129,9.22174153683136,220.0
448000,1.1698632,0.00019999825,4.5305367,29.281654864549637,29.281654940117505,513.0
449000,1.1731466,0.00019999823,4.936684,15.430348753929138,15.430349255091187,272.5
450000,1.2198682,0.0001999982,4.9885726,51.093979358673096,51.09397847102446,866.0
451000,1.2016441,0.0001999982,4.2456217,18.243177592754364,18.24317753910759,328.75
452000,1.2439501,0.0001999982,3.6544905,6.926207883017404,6.926207784843622,171.57142857142858
453000,1.1513616,0.0001999982,4.8208957,16.929543872674305,16.929544121140527,313.6666666666667
454000,1.1051548,0.0001999982,4.1208773,6.974496023995536,6.974496038134736,157.71428571428572
455000,1.2246779,0.0001999982,4.479007,47.92050093412399,47.920501679319386,794.0
456000,1.2243165,0.0001999982,4.6291323,65.84218895435333,65.84218919161867,1066.0
457000,1.1590444,0.0001999982,4.1557093,24.86645096540451,24.86645087907891,487.5
458000,1.1342281,0.0001999982,4.1390824,10.688739848136901,10.688739691519004,222.2
459000,1.176803,0.0001999982,4.1637025,7.455201017856598,7.455200946149216,161.8
460000,1.1810498,0.0001999982,4.7078753,18.160195648670197,18.160195170839188,331.6666666666667
461000,1.1426586,0.0001999982,4.6066904,14.079103901982307,14.079103880954108,267.75
462000,1.1542675,0.00019999818,3.4002054,8.710175082087517,8.710175083383092,255.75
463000,1.1842968,0.00019999818,4.4713545,13.492814918359121,13.492815082089086,251.33333333333334
464000,1.1739597,0.00019999813,4.0419216,10.767349112033845,10.767349306004053,227.8
465000,1.2147334,0.00019999809,4.670491,17.205577929814655,17.205577544023374,307.6666666666667
466000,1.2317957,0.00019999809,4.5484157,15.294584050774574,15.294583713156044,280.0
467000,1.1720244,0.00019999809,4.522918,14.799816290537516,14.799816424918996,273.0
468000,1.1654869,0.00019999809,4.3455396,16.00596833229065,16.00596841493901,300.3333333333333
469000,1.2063812,0.00019999809,4.874341,35.97484302520752,35.97484212391157,589.5
470000,1.2035716,0.00019999809,4.8251333,56.6745685338974,56.67456800377113,944.0
471000,1.1782485,0.00019999809,4.9094834,None,None,None
472000,1.2009546,0.00019999809,4.656694,32.62095536788305,32.62095540389146,568.6666666666666
473000,1.1895773,0.00019999809,4.2402873,62.678468465805054,62.67846757515565,1075.0
474000,1.2264397,0.00019999809,4.6781087,36.413755625486374,36.413755629553634,632.0
475000,1.2488608,0.00019999809,4.5370526,13.67157918214798,13.67157909574947,255.0
476000,1.2326508,0.00019999804,4.992326,36.11074271798134,36.11074287315705,592.0
477000,1.1739738,0.00019999803,4.772873,13.326142400503159,13.326142674550738,262.5
478000,1.2171443,0.00019999803,4.765438,25.10371232032776,25.103711895156266,432.6666666666667
479000,1.2376297,0.00019999803,4.343443,10.448268663883209,10.448268763874784,216.2
480000,1.2183228,0.00019999803,4.437744,17.537561575571697,17.537561220563322,348.0
481000,1.1894643,0.00019999803,4.488031,13.289021720488867,13.289021901117243,246.33333333333334
482000,1.2057273,0.00019999803,4.751033,35.694638937711716,35.69463922238674,599.5
483000,1.2324032,0.00019999803,4.83243,18.602953672409058,18.602953151152178,341.3333333333333
484000,1.2168558,0.00019999803,4.465834,15.831145505110422,15.831145400092737,303.3333333333333
485000,1.1427346,0.00019999803,3.719933,4.272079987185342,4.272079825752696,121.0
486000,1.182914,0.00019999803,4.457042,14.892009824514389,14.892010078282965,293.75
487000,1.2298273,0.00019999803,4.107006,9.10792788863182,9.107927794630086,213.75
488000,1.21926,0.00019999803,4.716261,12.968239605426788,12.968239057598112,257.0
489000,1.2052115,0.00019999803,4.4671664,31.436845183372498,31.436845389957853,540.5
490000,1.2340808,0.00019999803,4.9843645,54.593805372714996,54.59380524244625,888.0
491000,1.237571,0.00019999803,4.627903,21.676008477807045,21.676008106572255,390.5
492000,1.1989524,0.00019999803,4.7335014,19.84565544128418,19.845655150903895,349.5
493000,1.1801574,0.00019999803,4.2445874,10.13144357005755,10.131443409778095,210.33333333333334
494000,1.1804351,0.00019999802,4.4887285,9.874261057376861,9.874261218976425,200.0
495000,1.1919982,0.000199998,4.4314265,7.105415761470795,7.105415655707475,165.0
496000,1.1674774,0.000199998,3.3902726,10.877753550807634,10.877753636497667,239.16666666666666
497000,1.1919974,0.000199998,4.1769657,17.334971566994984,17.334971593296206,342.3333333333333
498000,1.2610986,0.000199998,4.6099267,2.2772702276706696,2.2772703112568706,93.5
499000,1.248887,0.000199998,4.2716584,32.25948039690653,32.2594803263734,564.6666666666666
500000,1.186506,0.000199998,4.670545,25.506998002529144,25.506997694650636,461.5
501000,1.2819607,0.000199998,4.4568,10.655657386779785,10.65565736802282,206.6
502000,1.2288166,0.000199998,4.937998,14.259459376335144,14.259459368063318,291.0
503000,1.1663506,0.000199998,4.05352,14.049302458763123,14.049302350092452,284.5
504000,1.2965188,0.000199998,5.022211,14.987931966781616,14.987932317240848,299.0
505000,1.2342705,0.000199998,4.5487785,58.61848497390747,58.61848449172976,978.0
506000,1.1411245,0.000199998,3.9792383,14.894003550211588,14.89400345160692,286.0
507000,1.2831184,0.000199998,3.718253,14.80470629533132,14.804706444318375,326.3333333333333
508000,1.2240438,0.000199998,4.3052135,12.193904250860214,12.193904289440525,243.25
509000,1.2240425,0.00019999797,4.7484846,13.149017632007599,13.14901754864104,262.0
510000,1.2984912,0.00019999797,4.5926065,26.050299882888794,26.05030009451063,446.3333333333333
511000,1.1891286,0.00019999797,4.3787985,16.731057504812878,16.73105715926916,320.0
512000,1.2344961,0.00019999797,4.7771444,31.43226510286331,31.432264955680694,550.5
513000,1.2737734,0.00019999797,4.2827625,11.813021123409271,11.813020917606385,241.0
514000,1.227989,0.00019999797,4.493615,13.901056706905365,13.901056730504024,279.0
515000,1.2532815,0.00019999797,4.5165486,32.01815813779831,32.01815833381814,543.3333333333334
516000,1.163282,0.00019999797,4.1628013,7.515170180797577,7.5151702938373095,155.4
517000,1.1440809,0.00019999797,4.2066746,34.476384311914444,34.47638369161518,615.5
518000,1.2056258,0.00019999788,4.5177784,15.177160481611887,15.177160188682441,292.0
519000,1.1142544,0.00019999788,4.4038615,29.728873312473297,29.728873526933967,546.0
520000,1.1766709,0.00019999788,4.5179434,10.216759542624155,10.216759443745863,215.0
521000,1.211072,0.00019999788,4.036558,10.522356033325195,10.522355961937478,215.16666666666666
522000,1.1213205,0.00019999788,4.348771,9.930232226848602,9.930232406666164,210.2
523000,1.232134,0.00019999788,4.756388,11.350087821483612,11.350087619165606,218.5
524000,1.2447412,0.00019999786,4.0771065,19.55857315659523,19.55857305084811,358.75
525000,1.0874126,0.00019999786,3.9099364,5.304306471347809,5.304306512040762,146.8
526000,1.2720528,0.00019999786,4.740693,24.66381565729777,24.66381563703908,435.6666666666667
527000,1.2695231,0.00019999786,4.167449,13.109092354774475,13.109092560902809,271.0
528000,1.2175611,0.00019999786,3.694436,23.886810272932053,23.886810504292953,510.0
529000,1.2403688,0.00019999786,4.485783,41.510514199733734,41.510513865353886,692.0
530000,1.1799272,0.00019999786,4.0614133,23.334694147109985,23.334694250057282,432.0
531000,1.1567031,0.00019999786,3.4486141,6.849331919636045,6.849331919632017,155.71428571428572
532000,1.2670664,0.00019999786,4.2604804,8.798192191123963,8.798192244104394,204.0
533000,1.1814412,0.00019999781,4.5606065,12.19055551290512,12.190555536891907,235.25
534000,1.2213491,0.00019999781,4.405425,57.535707116127014,57.53570639735608,953.0
535000,1.2149336,0.00019999781,4.1614156,5.813514743532453,5.813514705277612,135.71428571428572
536000,1.1833957,0.00019999781,4.603726,19.862229645252228,19.86222940473696,353.6666666666667
537000,1.1341419,0.00019999781,4.268528,10.340959757566452,10.340960051115957,226.0
538000,1.1570982,0.00019999781,4.1936226,18.670106927553814,18.670106512604434,345.6666666666667
539000,1.1694545,0.00019999781,4.934807,29.506057918071747,29.506057220507955,494.5
540000,1.1757277,0.00019999781,4.326675,8.992208525538445,8.992208294353418,175.0
541000,1.2147923,0.00019999781,4.4811625,10.854367117087046,10.854367114173982,213.0
542000,1.1888493,0.00019999781,4.6923447,10.551557064056396,10.551557052646936,224.33333333333334
543000,1.1028408,0.00019999781,4.354702,17.398232519626617,17.39823234333744,323.0
544000,1.2160915,0.00019999781,4.8103,28.40853899717331,28.40853882971004,512.0
545000,1.2533494,0.00019999781,4.8531027,29.543526977300644,29.543526680662126,517.5
546000,1.1340449,0.00019999781,3.8765652,13.328118473291397,13.328118364595412,261.25
547000,1.2381175,0.00019999781,4.8704977,30.465992629528046,30.46599311647492,540.5
548000,1.2146101,0.0001999978,4.6164327,17.192221730947495,17.192221713354684,317.5
549000,1.1546615,0.0001999978,4.042313,7.621255598962307,7.621255854366739,164.0
550000,1.2297359,0.0001999978,4.581745,33.42858448624611,33.42858418142396,579.5
551000,1.2422212,0.00019999778,4.4972267,28.8628838211298,28.862884102275842,500.0
552000,1.2261724,0.00019999778,4.5270314,27.854648292064667,27.854648649091814,487.0
553000,1.2127478,0.00019999778,4.815885,19.367399473985035,19.367399442617778,340.0
554000,1.2654185,0.00019999778,4.601779,13.659797981381416,13.659798091509941,256.0
555000,1.165552,0.00019999778,4.6005936,25.51874166727066,25.518742107876278,441.5
556000,1.2260962,0.00019999778,4.711178,9.697835286458334,9.697835020964098,183.0
557000,1.1547986,0.00019999778,4.7196627,59.07777404785156,59.07777488993452,993.0
558000,1.1473869,0.00019999778,4.54225,15.705983448028565,15.70598342638623,288.2
559000,1.1611162,0.00019999778,4.585182,9.331322729587555,9.331322590058903,207.0
560000,1.1546985,0.00019999778,4.1985517,22.15196242928505,22.151962411072475,398.0
561000,1.1686574,0.00019999778,3.921604,10.762544572353363,10.762544490986443,223.0
562000,1.1352439,0.00019999778,4.791973,20.876434952020645,20.876434863444047,384.0
563000,1.1575513,0.00019999778,4.715122,11.283377513289452,11.283377859605025,212.5
564000,1.1151502,0.00019999778,4.4028816,55.792809814214706,55.79280911392448,938.0
565000,1.201362,0.00019999778,4.391596,46.31426787376404,46.31426773082603,759.0
566000,1.1384732,0.00019999774,4.789113,31.177810162305832,31.177810083639542,542.0
567000,1.1498455,0.00019999774,4.2600765,53.535734713077545,53.535734233670155,914.0
568000,1.160459,0.00019999774,4.996003,32.313436180353165,32.31343646253413,547.5
569000,1.224054,0.00019999774,3.770865,9.593326985836029,9.593327047633162,256.3333333333333
570000,1.2213491,0.00019999774,4.27978,21.06252388159434,21.062523722490067,374.0
571000,1.1657023,0.00019999774,4.8010783,10.834217111269632,10.834217093459074,223.0
572000,1.2558024,0.00019999774,3.6989837,32.71318021416664,32.7131806217003,663.5
573000,1.193495,0.00019999774,4.7377367,9.712617814540863,9.712617766985053,208.0
574000,1.1639968,0.00019999774,3.8752174,27.61004004875819,27.610039851855845,486.6666666666667
575000,1.2116296,0.00019999774,4.850325,27.99903440475464,27.99903398452261,474.5
576000,1.1917548,0.00019999774,5.0441027,36.1452379822731,36.145237927008566,595.0
577000,1.1141099,0.00019999772,4.54945,21.191184441248577,21.19118443771261,364.6666666666667
578000,1.0792466,0.00019999771,4.4232116,9.563891685009002,9.563891653278734,198.8
579000,1.1546034,0.00019999771,4.625614,32.3348134458065,32.33481377571178,559.5
580000,1.2232463,0.00019999768,4.7291574,12.320305913686752,12.320305853752714,242.75
581000,1.0963352,0.00019999762,4.0824857,8.239603211482367,8.239603219111558,182.5
582000,1.1849358,0.00019999762,4.897485,43.11564779281616,43.11564789792101,748.0
583000,1.0935447,0.00019999762,4.157974,10.355334748824438,10.355334798371397,210.16666666666666
584000,1.1099781,0.00019999762,4.141881,6.026203794138772,6.0262037362073375,138.71428571428572
585000,1.2307907,0.00019999762,4.56923,8.774398863315582,8.774399204113006,182.2
586000,1.1717906,0.00019999762,4.517788,6.4226778745651245,6.422678020083367,144.5
587000,1.1337944,0.00019999762,4.771595,25.108395755290985,25.10839559924231,426.6666666666667
588000,1.1816494,0.00019999762,4.94487,35.75577190518379,35.755772162471715,608.0
589000,1.1430224,0.00019999762,3.8430455,22.11056536436081,22.110565099690877,397.3333333333333
590000,1.1882257,0.00019999762,4.517267,12.929686466852823,12.9296863375968,252.33333333333334
591000,1.172107,0.00019999762,4.7860384,23.894902805487316,23.89490296878269,428.0
592000,1.1874108,0.00019999761,4.8321066,None,None,None
593000,1.1579841,0.0001999976,4.3643575,20.070544409751893,20.070544457981306,361.4
594000,1.1787157,0.0001999976,4.8853655,23.173760533332825,23.17376015075115,434.0
595000,1.1824899,0.0001999976,4.9902906,85.0697169303894,85.06971794228286,1385.0
596000,1.188041,0.0001999976,4.9034357,30.19284164905548,30.192841746122212,536.0
597000,1.1794564,0.0001999976,4.8730736,59.08096665143967,59.080965862609446,987.0
598000,1.1823828,0.0001999976,4.3922396,29.64295955499013,29.642959476557735,523.3333333333334
599000,1.2176785,0.0001999976,5.0200715,16.907817840576172,16.907818027671965,315.0
600000,1.1674141,0.0001999976,4.3601665,27.88498653968175,27.884986706290267,478.3333333333333
601000,1.2404587,0.0001999976,4.2040653,10.572137296199799,10.572137201381944,209.83333333333334
602000,1.1955513,0.0001999976,4.8034687,16.818698346614838,16.81869874792551,323.0
603000,1.1544211,0.0001999976,4.0099015,8.878055027553014,8.878055019535102,192.28571428571428
604000,1.1902531,0.0001999976,4.6456337,9.053020790219307,9.053020876686332,186.25
605000,1.2130655,0.0001999976,4.653583,10.413730025291443,10.413729783028401,213.75
606000,1.1462963,0.0001999976,4.315529,10.907295510172844,10.907295603807293,217.5
607000,1.1771549,0.00019999758,4.9725094,45.61569732427597,45.615697678256765,763.0
608000,1.1502123,0.00019999756,4.6038046,36.08067810535431,36.08067798414504,615.0
609000,1.0977337,0.00019999756,4.2629824,10.339035785198211,10.339035797711727,205.6
610000,1.1758226,0.00019999756,4.736596,13.476064423720041,13.476064092759392,251.0
611000,1.1647793,0.00019999756,4.138146,10.021680156389872,10.021680091589511,211.66666666666666
612000,1.166639,0.00019999756,4.898017,13.737535039583841,13.737535159471312,260.0
613000,1.1416575,0.00019999756,4.707214,34.502117574214935,34.50211822892015,592.0
614000,1.129261,0.00019999756,4.2393327,5.735731641451518,5.735731598646415,135.33333333333334
615000,1.1138088,0.00019999756,3.9262755,10.25638827085495,10.256388471144827,227.2
616000,1.1374685,0.00019999756,4.30218,5.0153129895528155,5.0153129005483,116.66666666666667
617000,1.1693712,0.00019999756,4.351435,22.236747721831005,22.23674799592065,382.0
618000,1.1602415,0.00019999756,4.913479,60.476362228393555,60.476361056793394,990.0
619000,1.0943689,0.00019999756,4.349944,11.580044321715832,11.580044249573575,234.25
620000,1.132005,0.00019999756,4.408543,10.131870657205582,10.131870474971493,192.0
621000,1.1636733,0.00019999756,4.073786,18.103358149528503,18.103358357784693,332.2
622000,1.1349517,0.00019999756,4.096784,11.622118517756462,11.622118532154104,229.25
623000,1.1135391,0.00019999756,4.9418173,63.64840006828308,63.64839894290844,1072.0
624000,1.1213917,0.00019999756,4.076208,18.229242483774822,18.229242187249838,341.0
625000,1.1322087,0.00019999752,4.2877607,13.796573837598165,13.79657374670387,271.6666666666667
626000,1.1476504,0.0001999975,4.294976,13.247492253780365,13.24749210191564,254.5
627000,1.1168308,0.0001999975,4.3067226,11.737445741891861,11.737445467900216,235.5
628000,1.120176,0.0001999975,4.013369,33.80385231971741,33.803852666169405,606.0
629000,1.1177853,0.0001999975,4.014578,15.205432105064393,15.205432102677879,283.4
630000,1.1080806,0.0001999975,4.414129,14.090735584497452,14.090735423790182,266.25
631000,1.0619018,0.0001999975,4.824032,26.40922701358795,26.40922740427777,451.0
632000,1.1101998,0.0001999975,4.632241,16.788650140166283,16.788650018617943,317.75
633000,1.1098708,0.0001999975,4.600479,19.759380678335827,19.759380696425904,357.0
634000,1.0538528,0.0001999975,4.3857446,6.476689835389455,6.476689734403332,150.5
635000,1.1243773,0.0001999975,4.2614193,13.455935060977936,13.455935229110537,245.25
636000,1.093042,0.0001999975,4.8949175,24.899212658405304,24.899212063766754,430.5
637000,1.0779431,0.00019999743,4.322804,18.79356849938631,18.793568307468263,333.25
638000,1.0645615,0.00019999742,4.900025,27.818717688322067,27.81871723189647,457.0
639000,1.0807937,0.00019999742,4.801175,22.863633781671524,22.863633769385956,413.0
640000,1.1906292,0.00019999739,3.965666,17.08765496313572,17.087655265063404,317.75
641000,1.0990803,0.00019999739,4.3871093,7.842278137803078,7.84227823277422,174.5
642000,1.0904919,0.00019999739,4.645039,12.650218284130096,12.650218150226873,248.8
643000,1.0824727,0.00019999739,4.5131774,12.316059097647667,12.316059208469142,239.75
644000,1.1001096,0.00019999739,4.3957543,10.107759261131287,10.107759263583057,192.8
645000,1.1146928,0.00019999739,4.025396,12.165495127439499,12.165495293545291,243.25
646000,1.1047806,0.00019999739,4.729607,17.574994544188183,17.574994561774776,317.6666666666667
647000,1.0491327,0.00019999739,4.528606,9.260948203504086,9.260948169865515,202.75
648000,1.1642581,0.00019999739,4.1614723,15.316862314939499,15.316862588171716,284.5
649000,1.100831,0.00019999736,4.6222615,30.693511426448822,30.69351214383346,516.0
650000,1.0536394,0.00019999735,4.3192472,12.106756409009298,12.106756382214371,242.33333333333334
651000,1.1624749,0.00019999735,4.2792816,18.504201869169872,18.504202075671856,339.6666666666667
652000,1.0919713,0.00019999735,4.219801,15.86323919147253,15.863239337991331,295.25
653000,1.1077449,0.00019999735,4.296402,7.0027893632650375,7.002789612094091,181.0
654000,1.1091213,0.00019999735,4.7401843,33.64170026779175,33.641700686278,553.5
655000,1.1791081,0.00019999735,4.5840178,13.52718961238861,13.527189717642008,265.6666666666667
656000,1.0682005,0.00019999735,4.677968,20.189755886793137,20.189755957822456,379.0
657000,1.0663766,0.00019999735,4.570599,None,None,None
658000,1.061665,0.00019999735,4.72585,133.78372985124588,133.78372977539743,2154.0
659000,1.1110691,0.00019999735,4.5820613,28.409178853034973,28.4091791912424,482.5
660000,1.0764282,0.00019999735,4.43005,26.607827564080555,26.607827745147613,458.6666666666667
661000,1.1183804,0.00019999735,4.7457294,14.799002369244894,14.799002748256802,279.0
662000,1.1766657,0.00019999735,4.1010513,16.27989761531353,16.27989768579164,295.5
663000,1.1221044,0.00019999735,4.914201,26.669902682304382,26.669903090953994,467.0
664000,1.1271788,0.00019999733,4.904735,24.753458589315414,24.753458318071353,415.5
665000,1.069561,0.00019999733,4.3828945,11.579207527637482,11.579207639508297,231.6
666000,1.1127477,0.00019999733,4.543627,6.956113477547963,6.956113642559861,167.0
667000,1.12135,0.00019999732,4.8207474,29.807720184326172,29.807719830096175,502.5
668000,1.1236333,0.00019999732,4.730629,34.792564392089844,34.79256432807961,592.0
669000,1.1160662,0.00019999732,4.0876746,16.244382614890736,16.24438269345876,302.3333333333333
670000,1.1207641,0.00019999732,4.4266386,24.023201137781143,24.023201564735473,418.5
671000,1.0933363,0.00019999732,4.745914,19.610289414723713,19.610289544834814,341.3333333333333
672000,1.1239524,0.00019999732,4.803978,15.615468760331472,15.615468593990954,298.3333333333333
673000,1.1192616,0.00019999732,5.1749096,35.937179267406464,35.93717920713334,585.0
674000,1.1096638,0.00019999732,4.395827,23.797791252533596,23.797790959299164,423.6666666666667
675000,1.1237683,0.00019999732,4.337731,17.159270986914635,17.15927096832263,315.5
676000,1.1789635,0.00019999732,4.6636634,17.53471565246582,17.53471594541558,322.0
677000,1.1072768,0.00019999732,4.889836,30.14011636376381,30.14011651599867,540.5
678000,1.0769651,0.00019999732,4.8578787,None,None,None
679000,1.0539429,0.00019999732,4.4567504,21.514481687545775,21.514481498656643,377.0
680000,1.1016196,0.00019999732,5.0241094,27.537756115198135,27.537755364231998,469.5
681000,1.101939,0.00019999732,4.6618714,18.94229946533839,18.942299398292562,342.6666666666667
682000,1.1987797,0.00019999727,4.655935,61.42856788635254,61.428568207251374,1056.0
683000,1.0932616,0.00019999727,4.7299285,23.55148494243622,23.551484634340454,412.0
684000,1.134875,0.00019999727,4.3985047,14.687766869862875,14.687767156580245,273.3333333333333
685000,1.105685,0.00019999727,4.5374537,15.222617283463478,15.222617405155802,287.5
686000,1.1572275,0.00019999727,4.721548,10.480694741010666,10.480694851465046,210.0
687000,1.1166759,0.00019999727,4.6923375,28.426966816186905,28.42696627813757,482.0
688000,1.1256177,0.00019999727,3.8845983,17.01983717083931,17.019837212425045,328.75
689000,1.1012851,0.00019999727,4.3704867,10.301540791988373,10.30154093194748,213.0
690000,1.1887876,0.00019999727,3.4969301,14.557264402508736,14.557264313248425,291.25
691000,1.1575129,0.00019999727,4.397553,21.083865265051525,21.083865437144823,379.3333333333333
692000,1.2072294,0.00019999727,4.1554527,4.208324174086253,4.208324229794016,136.0
693000,1.1176152,0.00019999727,4.0418034,9.89804008230567,9.898040163656162,195.0
694000,1.1581697,0.00019999724,3.9709158,15.166049321492514,15.166049543489331,293.6666666666667
695000,1.1406094,0.00019999724,4.3642497,10.32020798921585,10.320207946843585,214.8
696000,1.1717696,0.00019999724,4.9105754,4.020508289337158,4.020508315981715,115.0
697000,1.1225818,0.00019999716,4.6738615,26.377612729867298,26.37761271338036,469.0
698000,1.1515232,0.00019999716,4.9999986,40.82367432117462,40.823674210058925,677.0
699000,1.0944941,0.00019999716,4.8319235,36.95425131917,36.95425197366103,630.0
700000,1.1162227,0.00019999716,4.1611953,10.018093625704447,10.01809357808501,207.0
701000,1.1748317,0.00019999716,4.25423,7.056482756776469,7.05648275226164,147.57142857142858
702000,1.0814748,0.00019999716,4.783434,50.58107829093933,50.58107941036724,862.0
703000,1.0953224,0.00019999716,3.9936564,8.974571359157562,8.9745714402457,200.0
704000,1.0928375,0.00019999716,4.8553686,37.60274350643158,37.60274374000255,633.5
705000,1.1144239,0.00019999716,4.7633314,51.15876770019531,51.15876898428178,870.0
706000,1.1028596,0.00019999716,4.9099216,15.04032039642334,15.040321024445689,292.5
707000,1.0750563,0.00019999716,4.2371607,19.675017073750496,19.675017168759496,347.25
708000,1.1176795,0.00019999716,4.9111834,None,None,None
709000,1.0964675,0.00019999711,4.826314,43.74804410338402,43.748043441508756,746.5
710000,1.1280231,0.00019999711,4.5548525,18.74947889149189,18.749479385527366,334.0
711000,1.0799464,0.00019999711,3.6728194,9.049952387809753,9.049952338149978,182.5
712000,1.0534756,0.00019999711,4.50889,11.262027939160665,11.262027896490508,229.66666666666666
713000,1.1433654,0.00019999711,4.3442593,37.2805449962616,37.28054511652226,622.5
714000,1.0740391,0.00019999711,4.936907,32.608250707387924,32.608250921253784,539.5
715000,1.1381406,0.00019999711,4.0100803,12.847188949584961,12.847188870811806,259.75
716000,1.1036204,0.00019999711,4.73516,18.721498042345047,18.721498112401605,339.5
717000,1.0752295,0.00019999711,4.617011,21.201825718084972,21.201825643577422,382.0
718000,1.0913997,0.00019999711,4.7008753,33.408005237579346,33.40800592060259,573.0
719000,1.0905342,0.00019999711,4.7045,28.993936359882355,28.993936159024695,510.6666666666667
720000,1.079671,0.00019999711,4.0543857,8.164539813995361,8.164539723074233,181.8
721000,1.0633638,0.00019999711,4.371069,11.920711557070414,11.920711622898883,242.33333333333334
722000,1.1801069,0.00019999711,3.7273455,11.884462547302245,11.884462889804535,262.6
723000,1.1206495,0.0001999971,4.521465,11.103417187929153,11.103417105575772,227.25
724000,1.1479031,0.0001999971,4.399628,8.45508108139038,8.455080881104276,190.0
725000,1.2150221,0.0001999971,3.7437925,11.31097787618637,11.3109776392713,255.75
726000,1.0957216,0.0001999971,4.776823,19.03623253107071,19.0362326750995,347.6666666666667
727000,1.05521,0.00019999708,4.902411,19.69679021835327,19.696790251228776,358.5
728000,1.1133069,0.00019999708,4.3255787,36.04072239995003,36.040722432453265,614.0
729000,1.0867032,0.00019999708,4.3134437,2.869288886586825,2.8692889740288288,95.33333333333333
730000,1.0759114,0.00019999708,4.8902535,27.240458925565083,27.240458800361164,462.0
731000,1.0632753,0.00019999708,3.7432804,3.433195556913103,3.4331956238669528,99.28571428571429
732000,1.1032251,0.00019999708,4.2591805,9.426267728209496,9.426267640538924,194.25
733000,1.1096164,0.00019999708,4.375334,15.269168078899384,15.269168348637018,322.0
734000,1.0586145,0.00019999708,4.4234424,30.017385125160217,30.017385120084327,534.5
735000,1.0477833,0.00019999708,4.4061627,26.335381239652634,26.335381509062245,493.0
736000,1.0591145,0.00019999708,4.5071373,24.571496963500977,24.57149671631487,426.6666666666667
737000,1.0446697,0.00019999708,4.4308805,12.96622767051061,12.966228098932334,244.66666666666666
738000,1.0870467,0.00019999708,4.3594923,19.134882986545563,19.134883010379326,340.0
739000,1.1592422,0.00019999708,3.5848124,5.761614799499512,5.761614869657521,138.5
740000,1.0785779,0.00019999708,4.857748,34.1783971786499,34.178397080196646,587.0
741000,1.0672393,0.00019999707,4.3362284,9.680947691202164,9.680947763041482,204.33333333333334
742000,1.0587931,0.00019999704,4.5297947,22.629193514585495,22.62919326313613,408.0
743000,1.0623535,0.00019999704,3.9505246,7.7588920295238495,7.758892015301262,177.2
744000,1.081509,0.00019999704,4.447832,21.57177609205246,21.571776325984803,377.0
745000,1.1143308,0.00019999704,3.8574235,12.911411345005035,12.911411500629441,259.0
746000,1.0956298,0.00019999704,4.223672,8.098713970184326,8.098713910435526,171.2
747000,1.080664,0.00019999704,4.650144,60.4326114654541,60.43261100446853,997.0
748000,1.0936819,0.00019999704,4.32559,21.937228361765545,21.937228729439084,389.0
749000,1.0418948,0.00019999704,4.645545,7.987263381481171,7.9872632347432955,179.0
750000,1.0823159,0.00019999704,4.3073645,19.583990797400475,19.58399092184041,357.0
751000,1.0799336,0.00019999704,3.9980159,6.842935843127115,6.8429360332077875,157.85714285714286
752000,1.0661433,0.00019999704,4.247138,15.54557224114736,15.545571997979474,299.0
753000,1.1290456,0.00019999701,4.4868755,16.902051389217377,16.902051754612938,325.0
754000,1.0873097,0.00019999695,4.360331,14.785097161928812,14.785097412904785,275.3333333333333
755000,1.0849469,0.00019999695,4.372163,16.267529169718426,16.267529051757858,294.6666666666667
756000,1.1293488,0.00019999695,4.0442243,10.898460960388183,10.898460925161384,221.8
757000,1.1344683,0.00019999692,4.6486883,21.96066176891327,21.960661324090324,393.3333333333333
758000,1.1085645,0.00019999692,4.7525067,64.58692872524261,64.58692897806668,1071.0
759000,1.0976636,0.00019999692,4.7355437,19.815126955509186,19.8151268045508,347.0
760000,1.0853777,0.00019999692,4.521304,65.93564835190773,65.93564894671408,1095.0
761000,1.1067845,0.00019999692,4.225536,11.946846395730972,11.946846596026738,242.0
762000,1.1251146,0.00019999692,4.0889754,11.674477565288544,11.674477617380035,234.6
763000,1.2327508,0.00019999692,3.8288035,8.888607814908028,8.888607827715703,221.5
764000,1.1194192,0.00019999692,4.4200816,25.315503180027008,25.315503448654567,462.5
765000,1.1324319,0.00019999691,4.691267,20.12216827273369,20.122167581987526,344.0
766000,1.0889908,0.0001999969,4.18782,16.750957116484642,16.75095706969637,303.5
767000,1.1335752,0.0001999969,4.450614,24.198329210281372,24.198328773372992,425.0
768000,1.1310849,0.0001999969,3.936423,10.439187407493591,10.439187703255053,202.83333333333334
769000,1.1165588,0.0001999969,4.575995,60.795428931713104,60.79542944635705,1009.0
770000,1.1095005,0.0001999969,4.619881,17.201953013737995,17.201952940081355,325.0
771000,1.1446086,0.0001999969,4.4582467,8.068725407123566,8.068725149583164,185.33333333333334
772000,1.1506248,0.0001999969,3.7788427,26.390262107054394,26.390261939379798,461.0
773000,1.0965476,0.0001999969,4.4515557,16.801692187786102,16.801692201996673,323.5
774000,1.1345872,0.0001999969,4.1566505,18.958863131701946,18.958863392600733,348.75
775000,1.1176821,0.0001999969,4.563759,23.38320219516754,23.383202304294173,419.5
776000,1.150716,0.0001999969,4.257692,60.91491615772247,60.91491665384001,1020.0
777000,1.1108818,0.0001999969,4.7060375,54.45770615339279,54.457705393244396,924.0
778000,1.1014274,0.0001999969,4.9178677,44.58813762664795,44.58813753413233,734.0
779000,1.1659741,0.0001999969,3.887911,14.058243229985237,14.05824329843972,268.25
780000,1.1122324,0.00019999685,4.3545794,17.38207898537318,17.382079127382895,327.0
781000,1.1139113,0.00019999685,4.81544,37.546997636556625,37.546997609021446,632.0
782000,1.1269176,0.00019999685,4.305463,17.98895670970281,17.98895674124348,329.6666666666667
783000,1.1698986,0.00019999685,3.611164,13.397521153092384,13.39752118783258,264.75
784000,1.1598166,0.00019999685,3.9999666,15.80639362335205,15.806392786075776,297.0
785000,1.159885,0.00019999685,4.598647,42.732157766819,42.732157851198735,755.0
786000,1.1218127,0.00019999685,4.8385367,25.712099373340607,25.712099289903335,465.0
787000,1.1116247,0.00019999685,4.4068637,19.677838345368702,19.677838250317013,361.3333333333333
788000,1.1545284,0.00019999685,3.9459875,13.952987730503082,13.952987703764585,264.75
789000,1.1367183,0.00019999685,4.6081667,21.031661331653595,21.031661170495454,382.0
790000,1.1314168,0.00019999685,3.9952092,32.43507491052151,32.43507489490321,586.5
791000,1.140577,0.00019999685,4.693242,7.527446746826172,7.527446629147562,169.0
792000,1.1214355,0.00019999685,3.991132,33.9484033981959,33.9484033888657,578.6666666666666
793000,1.1181458,0.00019999685,4.433426,8.927124400933584,8.927124308875989,204.66666666666666
794000,1.16802,0.00019999685,4.1002965,18.926360175013542,18.926360315684125,350.75
795000,1.1208577,0.00019999685,4.538686,20.026188403367996,20.026188034426013,351.0
796000,1.1464653,0.00019999685,4.473296,22.259948531786602,22.259948729177722,397.6666666666667
797000,1.1779083,0.00019999685,4.2729783,7.188813676436742,7.188813602775251,159.0
798000,1.1517013,0.00019999682,4.87759,24.092419803142548,24.09241928730549,421.0
799000,1.1898657,0.0001999968,3.8986418,8.164420614639917,8.164420593057988,187.5
800000,1.1382334,0.0001999968,3.921965,11.510952317714692,11.510952330221244,233.6
801000,1.1658924,0.0001999968,4.0125647,5.642894583089011,5.642894756080652,135.57142857142858
802000,1.1493376,0.0001999968,4.599554,15.859509845574697,15.859509607909281,306.0
803000,1.1395681,0.0001999968,4.7318296,39.28300428390503,39.28300360814319,666.0
804000,1.1328822,0.0001999968,4.323765,25.384986857573193,25.38498699325525,463.6666666666667
805000,1.1621462,0.0001999968,4.328385,8.153986930847168,8.15398704963703,177.0
806000,1.1601235,0.0001999968,4.946829,64.3341372013092,64.33413764821671,1059.0
807000,1.2394682,0.0001999968,4.1644807,14.24540500342846,14.24540504701315,293.25
808000,1.1651353,0.0001999968,4.52112,9.690249800682068,9.690249535975113,202.25
809000,1.1607906,0.0001999968,4.2402496,11.296555030345917,11.296555150519271,236.6
810000,1.1317928,0.00019999676,4.688009,28.18076318502426,28.180763159750768,500.0
811000,1.1537095,0.00019999676,4.1908016,16.13650854428609,16.136508540763316,293.6666666666667
812000,1.1621282,0.00019999676,4.5622263,18.43477072318395,18.434770727271825,323.3333333333333
813000,1.1556191,0.0001999967,3.972744,12.9172452489535,12.917245041148968,267.6666666666667
814000,1.1685203,0.00019999668,4.413109,24.546805659929912,24.546805629418458,450.3333333333333
815000,1.1819085,0.00019999668,4.2548003,16.919031063715618,16.91903117343342,334.0
816000,1.2302629,0.00019999668,3.603925,5.9947172701358795,5.994717372938339,140.5
817000,1.1861218,0.00019999668,3.9533696,15.494079073270163,15.494078889689604,315.3333333333333
818000,1.2022468,0.00019999668,3.9915798,20.30043375492096,20.300433518843647,377.3333333333333
819000,1.2281423,0.00019999668,4.615707,23.990806818008423,23.990807197682443,429.0
820000,1.1349292,0.00019999668,4.4080405,27.59831392765045,27.598313487931105,474.3333333333333
821000,1.2219993,0.00019999668,3.9710033,10.105874156951904,10.105874094721457,202.8
822000,1.1677612,0.00019999668,4.3071957,12.930794268846512,12.930794331783545,250.5
823000,1.1962317,0.00019999668,4.332119,57.468329191207886,57.4683287337275,953.0
824000,1.2067815,0.00019999668,3.8552368,10.779247188568116,10.779247012602628,208.8
825000,1.1540154,0.00019999665,4.0302033,5.786369130015373,5.786369214925742,152.25
826000,1.1409128,0.00019999665,4.6995826,25.60798950990041,25.607989387630067,458.0
827000,1.1501952,0.00019999665,4.962475,31.258490324020386,31.25849165033287,511.0
828000,1.1209189,0.00019999665,4.3189487,15.120330464839935,15.120330363261928,290.0
829000,1.1463981,0.00019999665,4.275448,6.6056108474731445,6.6056107963369834,147.85714285714286
830000,1.1948127,0.00019999665,4.2106543,5.1538777351379395,5.153877684304007,149.25
831000,1.1205726,0.00019999665,4.40208,13.270916119217873,13.270916269430131,255.75
832000,1.1827967,0.00019999665,4.4731326,24.897256930669148,24.897256938944906,443.6666666666667
833000,1.2211845,0.00019999665,4.296316,23.177838742733,23.177838848904685,466.0
834000,1.142038,0.00019999665,4.0378184,5.101124266783397,5.1011244224880175,122.83333333333333
835000,1.1527776,0.00019999665,4.8490844,32.36351490020752,32.36351402536184,541.0
836000,1.2356079,0.00019999665,4.169249,13.993917067845663,13.993917043639613,270.3333333333333
837000,1.2089095,0.00019999665,4.5918307,24.94075883428256,24.940759021441107,445.3333333333333
838000,1.2740551,0.00019999665,3.6212342,4.555056835923876,4.555056791733867,131.57142857142858
